severity_score,income_level,health_flag,dependents,previous_cases,priority_score,priority_level
7,1461,0,1,1,8,Medium
4,5444,1,3,1,9,High
8,1111,1,0,3,10,High
5,3720,1,3,2,10,High
7,1882,1,0,2,9,High
3,3771,1,0,0,5,Low
7,1554,0,4,2,11,High
8,4930,1,0,0,10,High
5,5340,1,0,3,7,Medium
4,1152,1,2,2,8,Medium
8,1702,0,3,1,11,High
8,4688,1,2,3,12,High
3,958,0,0,0,3,Low
6,2777,1,4,3,12,High
5,1756,1,2,0,9,High
2,2871,0,2,3,4,Low
8,1203,1,1,0,11,High
6,5411,0,0,2,6,Medium
2,3579,0,4,1,6,Medium
5,2187,0,2,0,7,Medium
1,4253,1,2,3,5,Low
6,1755,1,4,0,12,High
9,2512,1,0,0,11,High
1,5503,0,1,0,2,Low
3,2073,1,2,3,7,Medium
7,4611,0,1,1,8,Medium
4,3425,1,3,2,9,High
9,3182,0,0,1,9,High
3,2241,0,3,0,6,Medium
5,3779,0,3,3,8,Medium
3,2597,1,3,1,8,Medium
7,5190,0,0,0,7,Medium
5,4809,0,0,2,5,Low
9,5650,0,4,2,13,High
7,2194,0,1,2,8,Medium
2,5081,0,1,0,3,Low
4,2069,0,4,3,8,Medium
9,5532,1,4,1,15,High
2,4514,1,3,2,7,Medium
9,1329,0,4,0,13,High
5,4423,1,2,0,9,High
2,3758,1,1,1,5,Low
4,3714,0,4,2,8,Medium
7,5689,0,2,0,9,High
8,4391,0,2,1,10,High
3,2947,1,2,3,7,Medium
1,5373,0,2,3,3,Low
4,4169,1,3,3,9,High
2,1739,0,2,2,4,Low
8,1325,1,3,1,13,High
4,801,0,3,1,7,Medium
2,1174,0,2,0,4,Low
6,3140,1,1,0,9,High
6,4805,1,2,0,10,High
4,3852,1,2,1,8,Medium
6,5448,1,2,0,10,High
2,3165,1,1,1,5,Low
2,2325,1,0,1,4,Low
4,5276,0,0,3,4,Low
8,2446,1,3,0,13,High
7,813,0,3,3,10,High
9,5399,0,1,2,10,High
8,3078,1,4,2,14,High
5,3955,0,0,2,5,Low
2,929,1,3,1,7,Medium
5,4614,1,0,1,7,Medium
8,5733,0,1,1,9,High
9,4016,0,1,0,10,High
9,3738,1,4,3,15,High
1,4728,1,4,1,7,Medium
9,2840,0,1,3,10,High
7,827,0,3,3,10,High
9,2913,0,0,3,9,High
8,2052,0,2,0,10,High
1,5156,1,4,0,7,Medium
8,2846,1,2,2,12,High
8,5355,1,3,2,13,High
3,4823,1,4,3,9,High
1,5196,0,2,2,3,Low
8,4174,0,3,3,11,High
3,4266,1,0,0,5,Low
3,3881,1,3,0,8,Medium
1,4578,1,4,0,7,Medium
5,1429,1,1,1,8,Medium
7,1069,1,0,3,9,High
9,3439,1,2,0,13,High
7,2793,1,4,3,13,High
9,3691,1,1,2,12,High
8,5757,1,3,2,13,High
2,4232,0,1,0,3,Low
1,2080,1,4,3,7,Medium
7,3160,0,4,0,11,High
7,1375,0,1,2,8,Medium
8,2107,1,3,0,13,High
5,3992,1,1,3,8,Medium
3,3978,0,4,2,7,Medium
8,3534,0,4,1,12,High
6,3012,1,2,2,10,High
3,3152,0,2,1,5,Low
1,4368,1,0,0,3,Low
3,2455,1,4,0,9,High
5,2379,1,2,3,9,High
3,3003,0,1,1,4,Low
1,2190,0,3,0,4,Low
5,2542,1,1,1,8,Medium
7,2725,0,3,0,10,High
7,1419,0,2,2,9,High
9,2074,0,0,0,9,High
3,1756,0,1,3,4,Low
7,2739,0,1,2,8,Medium
1,4753,0,1,3,2,Low
4,3181,0,3,2,7,Medium
4,1768,1,2,1,8,Medium
5,2116,0,1,3,6,Medium
7,1843,0,1,0,8,Medium
7,1081,0,0,1,7,Medium
4,3644,0,0,0,4,Low
7,1858,0,2,2,9,High
3,5093,0,2,2,5,Low
6,3332,0,4,0,10,High
2,4628,0,0,0,2,Low
9,5978,1,4,1,15,High
5,1808,0,3,0,8,Medium
6,2029,0,4,3,10,High
4,1835,0,1,3,5,Low
7,5385,0,4,0,11,High
9,1075,1,2,3,13,High
7,3540,1,3,0,12,High
1,3089,1,1,1,4,Low
1,2039,1,4,3,7,Medium
9,925,1,3,3,14,High
9,4865,1,3,0,14,High
4,5112,1,1,3,7,Medium
9,4668,1,4,2,15,High
3,2008,1,3,1,8,Medium
7,4049,1,3,1,12,High
6,1718,1,0,3,8,Medium
8,4723,1,3,3,13,High
9,5203,1,0,2,11,High
5,2769,1,4,2,11,High
1,3593,1,4,3,7,Medium
3,1691,1,4,3,9,High
8,5270,0,2,2,10,High
6,2833,1,4,0,12,High
8,2164,0,3,2,11,High
9,928,1,1,0,12,High
4,1814,1,0,1,6,Medium
1,2599,0,2,1,3,Low
1,5412,1,4,2,7,Medium
4,2318,0,4,0,8,Medium
7,4981,0,1,2,8,Medium
2,1998,0,1,2,3,Low
3,4673,1,2,0,7,Medium
1,3274,1,0,2,3,Low
5,4285,1,4,1,11,High
1,4849,0,2,3,3,Low
8,4519,0,3,3,11,High
1,1102,1,3,2,6,Medium
1,4752,1,2,0,5,Low
2,5483,1,4,0,8,Medium
2,1786,1,2,1,6,Medium
6,2663,1,4,0,12,High
7,5240,0,1,0,8,Medium
5,5709,0,2,1,7,Medium
1,3872,0,4,2,5,Low
1,3924,1,2,3,5,Low
3,2127,0,2,1,5,Low
2,5988,0,4,2,6,Medium
5,3208,0,4,1,9,High
6,4473,0,0,2,6,Medium
7,4091,0,2,1,9,High
4,4833,1,3,2,9,High
7,5905,0,2,1,9,High
8,1503,1,2,2,12,High
1,1374,1,4,1,7,Medium
6,4032,1,2,3,10,High
8,5583,1,2,3,12,High
5,3432,1,3,0,10,High
4,4628,0,4,2,8,Medium
2,4030,0,2,1,4,Low
6,1288,1,1,2,9,High
6,2147,1,0,3,8,Medium
1,4481,1,3,2,6,Medium
9,3973,0,2,1,11,High
6,5389,1,1,2,9,High
3,2467,0,2,1,5,Low
4,2437,1,2,3,8,Medium
4,4914,0,4,3,8,Medium
3,4353,1,4,3,9,High
3,1800,0,4,0,7,Medium
3,1650,1,1,3,6,Medium
4,2188,0,2,2,6,Medium
7,4512,0,0,0,7,Medium
4,2167,0,3,3,7,Medium
9,1621,0,4,2,13,High
1,1254,0,4,2,5,Low
8,2424,0,2,2,10,High
7,3572,0,2,1,9,High
2,4526,1,1,0,5,Low
8,3947,1,1,2,11,High
1,4889,1,4,1,7,Medium
9,5606,1,2,3,13,High
9,2990,1,0,2,11,High
2,1716,0,3,1,5,Low
7,4786,0,2,2,9,High
3,3675,0,2,0,5,Low
7,2240,0,1,0,8,Medium
9,5200,0,3,3,12,High
4,1535,1,4,2,10,High
1,4368,1,2,1,5,Low
2,4138,1,4,3,8,Medium
1,3815,1,2,2,5,Low
5,3689,0,4,3,9,High
5,1761,0,3,1,8,Medium
7,3789,0,1,3,8,Medium
9,4648,1,3,3,14,High
9,1826,0,0,3,9,High
3,4665,1,1,2,6,Medium
3,3663,0,3,1,6,Medium
3,3301,0,0,0,3,Low
4,2747,1,2,2,8,Medium
8,1977,0,2,0,10,High
6,5560,0,4,0,10,High
8,811,1,1,2,11,High
1,5199,0,2,2,3,Low
8,4164,1,1,1,11,High
4,3822,0,2,1,6,Medium
1,4171,0,4,3,5,Low
8,3630,0,3,0,11,High
4,842,0,4,1,8,Medium
6,1743,0,0,3,6,Medium
8,3190,0,2,1,10,High
4,3345,0,0,2,4,Low
3,3211,0,0,1,3,Low
9,5786,1,1,0,12,High
3,1804,1,2,1,7,Medium
9,820,0,0,0,9,High
2,1206,0,3,2,5,Low
2,1814,1,0,0,4,Low
2,5231,0,3,1,5,Low
6,2638,0,1,3,7,Medium
3,3988,1,0,2,5,Low
9,1514,0,4,1,13,High
4,4946,0,1,2,5,Low
1,4654,1,3,2,6,Medium
4,5219,0,1,1,5,Low
1,5684,0,0,1,1,Low
5,940,1,2,3,9,High
4,5365,0,2,2,6,Medium
8,5682,1,3,2,13,High
8,1763,0,3,1,11,High
7,1172,0,2,0,9,High
3,4435,1,3,1,8,Medium
1,3341,1,1,2,4,Low
1,4410,0,4,1,5,Low
3,2492,1,4,3,9,High
6,905,1,1,0,9,High
7,2481,0,4,1,11,High
6,4897,0,0,3,6,Medium
6,4816,0,1,2,7,Medium
6,3436,1,3,1,11,High
3,2937,1,1,2,6,Medium
6,4216,1,2,3,10,High
8,5245,1,3,2,13,High
2,4330,0,2,3,4,Low
5,2086,1,3,3,10,High
1,3979,0,4,3,5,Low
1,5958,1,1,1,4,Low
5,4454,0,0,2,5,Low
3,3159,0,3,2,6,Medium
4,1244,0,3,0,7,Medium
3,5847,1,2,0,7,Medium
1,835,0,4,0,5,Low
1,2275,0,2,0,3,Low
5,4757,1,2,2,9,High
6,2598,0,4,3,10,High
3,2645,1,0,3,5,Low
9,2208,1,2,1,13,High
5,2508,0,2,3,7,Medium
8,3738,0,3,2,11,High
1,2100,1,4,2,7,Medium
5,2043,0,1,2,6,Medium
3,4776,1,0,1,5,Low
1,3897,1,0,0,3,Low
4,5416,1,4,3,10,High
5,809,0,3,2,8,Medium
7,5879,1,3,2,12,High
1,3225,0,4,0,5,Low
3,2460,0,3,2,6,Medium
2,3431,0,0,3,2,Low
9,5615,0,0,1,9,High
6,1872,1,1,2,9,High
3,4025,0,4,3,7,Medium
8,5754,1,2,2,12,High
8,2116,1,2,0,12,High
2,4945,0,1,2,3,Low
6,4483,1,1,2,9,High
7,4073,1,3,1,12,High
2,945,0,1,0,3,Low
2,5810,1,1,0,5,Low
1,3840,1,2,1,5,Low
8,2262,1,3,2,13,High
1,5476,1,1,3,4,Low
9,2384,0,1,0,10,High
6,1282,1,3,0,11,High
7,3979,1,4,2,13,High
7,2049,1,3,2,12,High
3,5568,1,2,0,7,Medium
2,1430,0,4,2,6,Medium
9,1461,1,0,3,11,High
8,4303,0,3,0,11,High
7,3652,1,2,3,11,High
9,3266,0,4,3,13,High
4,1787,0,3,2,7,Medium
4,2346,0,1,3,5,Low
1,1449,0,3,2,4,Low
8,1768,0,0,1,8,Medium
3,3437,1,3,2,8,Medium
7,1900,1,4,3,13,High
2,1240,1,4,1,8,Medium
2,5816,0,3,2,5,Low
7,1569,1,4,3,13,High
6,2143,0,1,0,7,Medium
3,5158,0,3,0,6,Medium
9,4529,1,1,2,12,High
6,4706,1,1,2,9,High
6,2377,0,2,0,8,Medium
1,4808,0,3,3,4,Low
4,5894,1,4,3,10,High
6,4151,1,1,3,9,High
6,5595,1,2,2,10,High
5,3149,1,3,1,10,High
1,4402,0,3,1,4,Low
8,2041,1,0,1,10,High
5,1925,1,0,1,7,Medium
5,3401,1,1,1,8,Medium
7,1990,0,0,2,7,Medium
4,5901,0,1,2,5,Low
6,4931,0,4,1,10,High
4,5639,0,1,2,5,Low
3,5248,1,0,2,5,Low
7,872,0,4,1,11,High
8,2714,1,0,3,10,High
4,5989,1,1,2,7,Medium
2,3272,1,2,3,6,Medium
3,3846,1,3,2,8,Medium
1,1507,0,0,2,1,Low
8,2604,0,1,1,9,High
3,4513,0,4,2,7,Medium
7,5851,1,0,0,9,High
5,3364,1,0,0,7,Medium
5,3275,1,3,1,10,High
7,4410,1,1,3,10,High
9,5055,1,2,3,13,High
5,3623,0,4,3,9,High
1,2535,1,1,0,4,Low
1,2385,0,4,3,5,Low
2,866,1,0,3,4,Low
6,3861,1,3,1,11,High
9,3228,0,3,3,12,High
8,4953,0,2,0,10,High
5,1141,1,3,0,10,High
1,3574,1,0,0,3,Low
7,3617,1,2,1,11,High
5,3461,1,1,1,8,Medium
6,2032,0,3,2,9,High
7,4674,1,2,3,11,High
3,3201,0,0,1,3,Low
3,2294,1,4,0,9,High
5,5011,0,4,0,9,High
6,1461,0,0,1,6,Medium
9,4683,1,0,1,11,High
5,4419,0,4,1,9,High
1,2668,1,2,2,5,Low
4,3134,0,4,0,8,Medium
5,4174,1,0,2,7,Medium
5,1816,0,3,2,8,Medium
7,5206,1,1,3,10,High
4,1007,1,3,0,9,High
1,3465,0,3,0,4,Low
5,3293,0,0,1,5,Low
7,1432,0,4,1,11,High
6,2902,0,2,3,8,Medium
5,3759,1,3,2,10,High
4,3883,0,4,1,8,Medium
2,5552,1,2,1,6,Medium
4,2731,0,3,0,7,Medium
3,4519,1,2,0,7,Medium
1,3362,1,4,1,7,Medium
8,2479,1,1,0,11,High
5,1036,1,4,3,11,High
4,5243,0,0,1,4,Low
8,5525,0,2,0,10,High
7,2340,1,1,3,10,High
2,4743,0,2,0,4,Low
1,1163,0,2,0,3,Low
4,3168,1,3,0,9,High
8,1085,0,0,1,8,Medium
2,948,0,2,2,4,Low
3,4837,0,4,0,7,Medium
1,5351,1,4,3,7,Medium
1,2566,0,3,1,4,Low
3,5695,1,0,1,5,Low
5,1812,0,0,3,5,Low
3,3631,0,4,0,7,Medium
1,3307,0,1,2,2,Low
1,2323,1,3,0,6,Medium
8,3585,1,3,3,13,High
2,3356,0,4,1,6,Medium
3,4525,1,4,2,9,High
2,5376,0,1,1,3,Low
3,2401,1,1,3,6,Medium
7,3208,1,0,0,9,High
1,1140,0,3,2,4,Low
8,3617,0,3,1,11,High
2,3296,0,4,1,6,Medium
3,5730,0,0,1,3,Low
9,2525,1,3,0,14,High
7,2489,1,0,2,9,High
4,4067,1,0,0,6,Medium
5,5206,0,4,0,9,High
2,1061,0,0,0,2,Low
8,2242,1,1,3,11,High
4,1205,0,1,3,5,Low
9,2990,1,2,3,13,High
5,5237,1,4,2,11,High
9,1043,1,2,0,13,High
4,5385,1,1,0,7,Medium
5,4907,1,2,3,9,High
9,1360,0,4,0,13,High
8,4937,0,4,0,12,High
3,3525,0,0,1,3,Low
1,1393,1,3,0,6,Medium
3,2626,1,0,1,5,Low
4,4029,1,4,0,10,High
2,4087,1,1,2,5,Low
1,4873,0,1,3,2,Low
7,933,0,0,1,7,Medium
8,3938,1,4,3,14,High
7,4719,1,1,1,10,High
5,5843,1,4,1,11,High
1,872,0,1,1,2,Low
7,5294,0,4,2,11,High
7,5025,0,2,0,9,High
9,3778,1,4,1,15,High
3,5161,1,4,2,9,High
9,2785,0,0,1,9,High
1,1592,1,2,0,5,Low
1,5059,0,3,1,4,Low
4,894,1,0,2,6,Medium
9,1933,0,3,0,12,High
6,5717,1,1,2,9,High
3,1037,0,3,0,6,Medium
1,3746,0,4,0,5,Low
4,3330,0,3,3,7,Medium
9,2760,0,0,3,9,High
3,1848,0,0,3,3,Low
9,3329,0,3,0,12,High
7,3764,1,0,1,9,High
4,1763,1,0,2,6,Medium
3,1336,1,3,2,8,Medium
5,5023,0,2,2,7,Medium
5,4479,0,2,3,7,Medium
3,4987,1,1,0,6,Medium
9,4524,0,0,3,9,High
4,1342,0,3,1,7,Medium
5,1645,0,0,0,5,Low
4,4403,0,4,2,8,Medium
5,3836,0,0,3,5,Low
7,3294,1,0,3,9,High
9,5285,1,2,1,13,High
7,3519,1,3,1,12,High
5,2684,1,0,3,7,Medium
7,4938,1,2,1,11,High
5,5149,0,1,2,6,Medium
3,4001,0,2,1,5,Low
7,5979,0,2,1,9,High
2,3510,0,2,3,4,Low
9,2753,1,0,3,11,High
1,5537,1,0,0,3,Low
6,4650,1,1,0,9,High
7,1489,0,4,3,11,High
8,2750,1,4,1,14,High
9,5975,0,4,1,13,High
2,1256,1,1,0,5,Low
2,5878,1,4,0,8,Medium
5,2930,0,4,0,9,High
5,4776,0,2,2,7,Medium
6,5044,1,0,2,8,Medium
3,1979,1,0,0,5,Low
8,5085,0,2,1,10,High
1,4365,1,2,0,5,Low
6,1682,1,2,2,10,High
4,1199,0,0,1,4,Low
1,1408,1,4,2,7,Medium
7,2438,0,2,1,9,High
9,2948,1,1,2,12,High
4,2182,0,2,1,6,Medium
4,2203,1,3,1,9,High
6,1619,0,2,1,8,Medium
3,4092,1,0,1,5,Low
6,1619,0,2,3,8,Medium
7,1219,1,3,2,12,High
3,5019,1,1,2,6,Medium
7,5317,1,4,3,13,High
3,4102,1,2,1,7,Medium
2,2308,1,3,1,7,Medium
4,1567,1,3,2,9,High
8,2844,1,1,3,11,High
9,2939,1,0,1,11,High
7,3829,1,2,1,11,High
1,2349,0,3,1,4,Low
3,2564,0,1,0,4,Low
9,3445,1,4,3,15,High
1,4516,0,3,1,4,Low
9,5405,1,1,0,12,High
8,5281,1,0,3,10,High
1,3093,0,0,1,1,Low
6,5637,1,3,2,11,High
5,3508,1,3,0,10,High
6,1700,0,2,0,8,Medium
5,3884,0,1,1,6,Medium
6,2809,1,3,1,11,High
5,1041,0,2,0,7,Medium
5,3185,0,2,2,7,Medium
4,5068,1,3,2,9,High
3,1471,0,0,3,3,Low
3,963,0,1,1,4,Low
4,1264,1,1,2,7,Medium
9,3842,0,0,3,9,High
2,5392,0,3,2,5,Low
9,5595,1,1,1,12,High
1,3242,1,3,3,6,Medium
1,5598,1,3,3,6,Medium
5,3155,0,2,3,7,Medium
6,5078,1,0,2,8,Medium
6,5524,1,3,1,11,High
3,3357,0,4,3,7,Medium
7,1345,1,0,0,9,High
9,5519,1,1,1,12,High
8,4635,1,2,0,12,High
6,1393,1,1,0,9,High
8,5639,0,1,3,9,High
5,4604,1,0,3,7,Medium
8,2259,1,1,2,11,High
4,4293,0,3,2,7,Medium
8,3401,1,1,2,11,High
2,3244,0,2,1,4,Low
5,3472,0,2,2,7,Medium
9,5000,0,4,0,13,High
4,816,1,2,2,8,Medium
6,3991,0,1,3,7,Medium
1,1192,0,2,2,3,Low
9,1224,0,0,1,9,High
1,1371,1,2,1,5,Low
5,4431,1,3,0,10,High
4,1920,1,0,1,6,Medium
3,1041,1,4,2,9,High
6,4697,1,3,3,11,High
2,4895,1,1,1,5,Low
3,3079,1,1,0,6,Medium
5,1588,0,1,2,6,Medium
9,1514,0,3,0,12,High
2,5654,0,3,1,5,Low
8,3649,0,3,1,11,High
2,1575,1,0,0,4,Low
5,4826,0,0,2,5,Low
7,3047,0,1,1,8,Medium
8,878,0,2,3,10,High
1,4726,0,1,1,2,Low
6,1655,1,4,2,12,High
1,2948,1,0,1,3,Low
2,1831,1,3,0,7,Medium
1,5740,0,0,1,1,Low
5,4071,1,3,1,10,High
9,4376,0,4,2,13,High
6,4982,1,4,0,12,High
1,4256,1,0,2,3,Low
1,4306,1,3,1,6,Medium
2,1207,1,4,3,8,Medium
9,3511,1,1,1,12,High
3,3888,0,1,2,4,Low
1,2468,1,3,3,6,Medium
5,947,0,0,2,5,Low
7,5127,0,4,2,11,High
6,4697,0,0,0,6,Medium
1,2750,0,1,3,2,Low
5,1165,0,4,1,9,High
5,2474,1,0,2,7,Medium
6,5331,1,2,1,10,High
3,5294,1,3,0,8,Medium
5,3346,1,3,0,10,High
7,1362,0,2,3,9,High
5,4362,1,1,0,8,Medium
5,3289,1,4,0,11,High
5,1572,0,3,1,8,Medium
3,2837,0,2,0,5,Low
1,4223,1,2,0,5,Low
5,3367,1,1,2,8,Medium
9,2373,0,1,0,10,High
1,4494,1,0,2,3,Low
3,5887,1,3,0,8,Medium
4,4091,1,0,0,6,Medium
1,2046,1,2,3,5,Low
1,4519,0,4,3,5,Low
8,4639,0,4,2,12,High
2,1159,0,1,0,3,Low
8,5816,1,4,1,14,High
7,3176,1,4,3,13,High
2,3809,1,4,1,8,Medium
6,3793,1,2,3,10,High
6,1762,1,4,3,12,High
3,4432,0,4,0,7,Medium
2,2627,1,4,3,8,Medium
1,2413,1,0,1,3,Low
6,2440,0,2,3,8,Medium
5,3016,1,1,2,8,Medium
9,5112,0,0,0,9,High
1,1177,0,3,0,4,Low
7,5014,0,2,2,9,High
5,5085,0,2,2,7,Medium
5,1169,0,3,2,8,Medium
2,2996,1,3,3,7,Medium
3,4547,0,3,0,6,Medium
7,1451,0,1,2,8,Medium
6,1569,1,4,3,12,High
2,3221,1,2,2,6,Medium
6,1580,0,4,1,10,High
2,2516,1,4,1,8,Medium
2,4783,1,3,0,7,Medium
2,2111,0,1,3,3,Low
3,4159,0,0,1,3,Low
2,1322,1,1,1,5,Low
4,1321,0,4,3,8,Medium
9,5678,0,1,2,10,High
6,3120,1,3,3,11,High
1,1735,0,0,2,1,Low
8,3030,0,3,1,11,High
7,4840,0,0,1,7,Medium
3,5383,0,4,1,7,Medium
1,5741,0,0,0,1,Low
5,4497,1,0,0,7,Medium
4,3637,1,0,0,6,Medium
8,4883,0,1,3,9,High
1,3261,1,1,1,4,Low
1,4043,0,4,1,5,Low
4,4159,0,0,3,4,Low
8,1485,0,2,0,10,High
5,2960,0,4,3,9,High
2,4788,0,0,0,2,Low
6,4866,1,0,1,8,Medium
5,2367,1,1,2,8,Medium
2,838,0,4,0,6,Medium
3,3344,1,0,1,5,Low
9,5675,0,0,1,9,High
7,2056,1,4,2,13,High
7,3790,0,2,1,9,High
6,2996,1,4,1,12,High
8,4268,0,4,0,12,High
4,3508,0,2,0,6,Medium
8,1101,1,4,2,14,High
4,1446,1,0,2,6,Medium
8,5558,0,4,1,12,High
9,2559,1,2,0,13,High
3,5151,0,3,2,6,Medium
3,1397,1,4,2,9,High
2,1461,1,1,3,5,Low
3,5130,0,0,2,3,Low
3,2168,1,0,1,5,Low
5,3381,1,1,0,8,Medium
5,4668,0,1,2,6,Medium
2,4337,1,4,3,8,Medium
6,5665,0,1,0,7,Medium
5,5108,0,3,2,8,Medium
6,5358,0,2,3,8,Medium
1,1082,0,1,2,2,Low
5,4478,0,1,0,6,Medium
9,2286,1,3,0,14,High
2,4882,0,0,0,2,Low
1,4983,0,0,1,1,Low
9,5963,1,4,2,15,High
9,1260,1,3,1,14,High
9,3125,1,2,0,13,High
6,4554,0,2,3,8,Medium
8,3268,0,3,2,11,High
1,2524,0,2,1,3,Low
4,2176,1,0,2,6,Medium
1,3543,0,2,3,3,Low
8,1314,1,2,1,12,High
1,1502,0,3,0,4,Low
3,2453,1,3,1,8,Medium
4,2866,0,2,2,6,Medium
8,822,0,1,2,9,High
6,3260,0,3,2,9,High
7,5949,1,4,2,13,High
8,2104,1,4,0,14,High
2,4100,0,0,1,2,Low
8,1161,0,2,0,10,High
3,4527,0,1,0,4,Low
7,2084,1,0,0,9,High
3,1314,0,2,2,5,Low
7,1248,0,3,2,10,High
2,2655,0,4,2,6,Medium
6,5769,0,1,1,7,Medium
3,4362,1,4,3,9,High
3,3320,1,3,2,8,Medium
9,3881,0,2,1,11,High
7,2228,0,3,2,10,High
5,4767,1,3,2,10,High
7,1722,1,4,0,13,High
9,3937,0,1,0,10,High
1,2959,1,3,0,6,Medium
7,5932,1,4,1,13,High
6,3347,0,1,3,7,Medium
9,3779,1,2,3,13,High
1,3081,1,2,1,5,Low
4,3449,0,0,2,4,Low
9,1113,0,4,1,13,High
4,3413,1,1,2,7,Medium
3,3883,0,3,1,6,Medium
9,3056,1,2,1,13,High
2,1837,0,1,1,3,Low
4,4289,1,4,3,10,High
6,3434,0,0,0,6,Medium
2,4783,1,2,1,6,Medium
8,2578,1,1,3,11,High
8,5910,1,1,0,11,High
1,5989,0,1,0,2,Low
3,4695,0,4,1,7,Medium
9,1924,1,4,2,15,High
5,1497,1,4,2,11,High
6,2979,0,3,2,9,High
4,2204,0,1,1,5,Low
2,1843,0,2,2,4,Low
8,2729,0,4,3,12,High
6,1813,0,4,3,10,High
5,1026,0,1,3,6,Medium
9,2628,1,4,3,15,High
1,5717,0,3,0,4,Low
5,2823,1,3,3,10,High
6,5766,0,4,2,10,High
5,3252,0,1,1,6,Medium
6,2885,1,1,2,9,High
6,5083,1,1,3,9,High
7,1880,0,0,0,7,Medium
4,5836,1,4,3,10,High
8,3120,1,1,1,11,High
7,3990,1,3,2,12,High
9,3430,1,2,1,13,High
7,3363,0,2,1,9,High
3,4092,1,1,1,6,Medium
3,5421,0,2,2,5,Low
8,4386,0,2,3,10,High
5,5231,0,0,1,5,Low
4,5974,0,3,2,7,Medium
8,3747,1,3,0,13,High
6,4759,1,0,2,8,Medium
2,3613,0,0,0,2,Low
4,3383,0,2,2,6,Medium
4,961,0,4,3,8,Medium
6,1393,0,2,1,8,Medium
6,4059,1,0,3,8,Medium
1,4955,0,3,2,4,Low
8,3762,1,2,1,12,High
6,4688,0,4,0,10,High
3,4190,0,2,2,5,Low
9,5301,0,1,1,10,High
2,1463,0,2,0,4,Low
8,1932,1,0,0,10,High
3,5995,1,3,3,8,Medium
5,1341,1,3,2,10,High
6,5893,0,0,0,6,Medium
6,3774,0,1,1,7,Medium
4,1667,1,0,0,6,Medium
3,2866,1,2,0,7,Medium
4,1231,0,0,3,4,Low
1,5635,0,0,3,1,Low
4,5078,1,1,1,7,Medium
1,2006,0,2,3,3,Low
1,3328,0,4,0,5,Low
6,1969,1,4,0,12,High
5,1630,0,3,3,8,Medium
4,2451,1,0,0,6,Medium
3,1936,0,3,0,6,Medium
1,3610,1,1,1,4,Low
6,1275,0,4,3,10,High
2,3610,1,0,0,4,Low
8,2126,1,1,3,11,High
5,5866,1,1,1,8,Medium
7,1819,1,0,3,9,High
2,2636,0,1,0,3,Low
8,5056,0,0,3,8,Medium
2,3248,1,0,0,4,Low
4,5093,0,2,0,6,Medium
1,2083,0,3,0,4,Low
5,1459,0,1,1,6,Medium
9,5966,0,1,3,10,High
1,2810,0,2,1,3,Low
9,1198,1,2,3,13,High
8,2533,1,2,1,12,High
6,2925,1,4,2,12,High
7,2971,1,4,0,13,High
3,874,0,4,0,7,Medium
1,5497,0,0,1,1,Low
5,4271,1,1,2,8,Medium
2,1636,0,3,0,5,Low
5,1299,0,0,3,5,Low
8,937,1,1,1,11,High
9,2897,0,1,0,10,High
2,5868,1,2,0,6,Medium
3,4496,1,2,1,7,Medium
3,2685,0,0,1,3,Low
1,3557,0,2,3,3,Low
8,4720,1,1,3,11,High
6,2700,1,2,0,10,High
8,3410,0,4,0,12,High
9,4786,1,2,1,13,High
5,2249,1,1,0,8,Medium
3,1346,1,0,0,5,Low
5,5817,0,3,1,8,Medium
5,5476,1,2,0,9,High
5,2803,0,1,0,6,Medium
3,2896,1,3,2,8,Medium
4,1503,0,3,3,7,Medium
9,3203,1,4,1,15,High
9,2425,0,3,2,12,High
2,4131,0,1,3,3,Low
8,5533,0,1,3,9,High
8,5905,1,2,3,12,High
7,3778,1,2,2,11,High
8,5536,1,2,2,12,High
3,3639,0,3,3,6,Medium
6,4184,1,3,0,11,High
1,3459,0,4,0,5,Low
7,2661,1,2,2,11,High
1,3656,0,0,2,1,Low
9,1485,0,4,2,13,High
1,5083,0,0,3,1,Low
1,2419,1,3,0,6,Medium
7,5880,1,4,2,13,High
2,5443,1,4,2,8,Medium
5,2231,0,1,1,6,Medium
8,1675,0,3,3,11,High
8,5513,1,3,1,13,High
3,3261,1,4,0,9,High
7,2165,1,3,1,12,High
3,2043,0,4,1,7,Medium
6,5798,0,1,1,7,Medium
6,962,0,4,3,10,High
3,2774,0,3,0,6,Medium
7,4091,0,3,1,10,High
3,1069,1,4,3,9,High
8,1431,0,4,0,12,High
4,1705,0,4,2,8,Medium
1,4271,0,2,1,3,Low
4,4053,0,3,0,7,Medium
7,2814,0,3,1,10,High
4,2441,1,2,2,8,Medium
6,1004,0,4,0,10,High
9,1381,0,1,3,10,High
1,1640,0,4,0,5,Low
5,2519,1,4,3,11,High
7,3443,1,2,0,11,High
1,3097,1,3,3,6,Medium
4,1674,0,4,2,8,Medium
6,1489,1,3,2,11,High
2,4800,0,0,2,2,Low
5,3941,0,3,0,8,Medium
1,2222,1,1,2,4,Low
6,1471,0,1,1,7,Medium
6,1971,0,4,2,10,High
4,4526,0,3,3,7,Medium
8,1743,1,4,3,14,High
4,2249,0,2,3,6,Medium
8,4537,0,1,0,9,High
8,3339,1,4,1,14,High
5,4759,0,2,2,7,Medium
4,5791,0,4,1,8,Medium
2,5060,1,3,1,7,Medium
3,3161,0,3,3,6,Medium
3,4452,0,3,3,6,Medium
4,4470,0,3,3,7,Medium
4,2553,0,0,0,4,Low
5,3152,0,2,1,7,Medium
4,2738,1,2,1,8,Medium
8,1170,1,3,0,13,High
6,5748,1,0,0,8,Medium
6,5279,1,3,0,11,High
8,2731,0,0,1,8,Medium
7,1224,0,3,1,10,High
8,5524,0,1,3,9,High
2,1694,0,1,3,3,Low
9,1397,0,4,1,13,High
1,3862,1,3,3,6,Medium
8,3136,1,2,0,12,High
4,5488,0,4,2,8,Medium
4,2487,0,1,3,5,Low
5,1372,0,3,1,8,Medium
8,2890,1,4,3,14,High
5,4469,0,3,3,8,Medium
8,5072,0,1,3,9,High
1,5424,0,4,2,5,Low
9,2433,1,1,0,12,High
6,5861,0,0,1,6,Medium
3,2317,1,1,2,6,Medium
8,5093,1,3,1,13,High
9,3457,1,2,1,13,High
6,4448,1,1,1,9,High
7,5748,1,2,2,11,High
1,4388,1,0,0,3,Low
5,2337,0,4,1,9,High
5,5976,0,4,0,9,High
4,3937,0,2,0,6,Medium
6,897,1,4,3,12,High
7,4015,0,1,2,8,Medium
9,5330,1,2,2,13,High
1,5532,1,3,3,6,Medium
6,4550,1,1,3,9,High
7,3957,0,1,0,8,Medium
3,5483,1,1,1,6,Medium
8,1143,1,3,2,13,High
5,5466,0,0,1,5,Low
9,1410,0,4,1,13,High
5,2527,1,2,3,9,High
9,3090,1,0,1,11,High
4,2654,0,2,0,6,Medium
9,3408,0,4,3,13,High
5,5855,0,3,1,8,Medium
9,2879,1,1,3,12,High
3,3124,0,1,0,4,Low
4,5427,0,3,0,7,Medium
9,1977,0,0,1,9,High
6,1891,1,0,3,8,Medium
2,5779,0,2,1,4,Low
7,3591,0,3,1,10,High
2,2549,0,0,3,2,Low
2,3475,0,3,1,5,Low
1,1581,0,4,0,5,Low
3,3848,1,1,3,6,Medium
6,2905,1,1,3,9,High
8,4667,1,1,3,11,High
9,5776,0,3,3,12,High
7,5342,1,3,1,12,High
4,2913,1,2,1,8,Medium
6,4770,1,1,0,9,High
5,2791,0,2,2,7,Medium
8,1867,0,1,2,9,High
1,2377,1,2,0,5,Low
1,1811,1,2,2,5,Low
6,3074,0,4,0,10,High
2,5669,0,2,1,4,Low
5,2614,1,3,3,10,High
1,3226,0,2,3,3,Low
7,5202,1,1,1,10,High
1,5674,0,2,3,3,Low
4,3351,1,0,3,6,Medium
9,4457,1,1,2,12,High
1,807,0,0,1,1,Low
4,3355,1,1,2,7,Medium
6,1275,1,3,2,11,High
6,3011,1,3,3,11,High
8,1284,0,3,3,11,High
1,5800,0,0,1,1,Low
7,5454,0,4,3,11,High
1,3085,1,1,3,4,Low
7,5363,0,3,1,10,High
3,4325,1,1,3,6,Medium
8,4139,1,0,2,10,High
3,3622,0,4,1,7,Medium
1,5743,0,0,3,1,Low
8,3724,1,1,0,11,High
3,1058,1,4,1,9,High
2,1082,0,4,1,6,Medium
1,2698,0,0,0,1,Low
3,4935,0,3,3,6,Medium
2,3776,1,1,3,5,Low
2,3067,1,2,1,6,Medium
6,4000,1,2,1,10,High
1,5910,1,0,3,3,Low
2,1412,1,1,3,5,Low
6,1487,0,1,2,7,Medium
3,4490,0,0,1,3,Low
4,1412,1,1,1,7,Medium
1,3107,1,3,0,6,Medium
8,3813,0,0,2,8,Medium
7,2581,0,3,3,10,High
7,3391,0,1,2,8,Medium
3,3496,0,0,3,3,Low
3,4758,1,1,3,6,Medium
2,1374,0,0,2,2,Low
1,2710,1,1,1,4,Low
7,5908,0,3,3,10,High
7,4404,0,3,2,10,High
2,1469,0,1,0,3,Low
7,5164,1,0,2,9,High
8,2083,1,2,0,12,High
1,1723,0,3,3,4,Low
9,1925,1,3,2,14,High
7,2329,1,2,2,11,High
3,2394,0,1,0,4,Low
8,1046,0,0,2,8,Medium
7,4511,1,1,2,10,High
8,2360,1,4,3,14,High
6,3200,1,3,2,11,High
9,3043,0,4,1,13,High
5,4664,0,3,0,8,Medium
3,2739,1,3,2,8,Medium
3,5825,0,4,0,7,Medium
1,3869,0,4,0,5,Low
8,1026,1,1,0,11,High
2,4347,1,4,2,8,Medium
3,1064,0,1,2,4,Low
8,2195,0,1,0,9,High
8,4357,1,1,1,11,High
4,1445,0,3,0,7,Medium
4,3790,0,3,1,7,Medium
5,2699,1,4,0,11,High
6,3304,1,3,3,11,High
5,3572,0,4,0,9,High
7,5877,0,3,0,10,High
2,1954,0,0,2,2,Low
7,1387,1,0,1,9,High
7,5371,0,4,3,11,High
1,2621,0,3,1,4,Low
7,1785,1,3,3,12,High
5,4879,1,1,0,8,Medium
3,4148,0,2,2,5,Low
3,4631,1,4,2,9,High
4,2041,1,2,1,8,Medium
2,989,0,2,2,4,Low
2,1780,1,4,1,8,Medium
1,2498,1,3,1,6,Medium
5,2515,0,4,3,9,High
4,3393,1,2,1,8,Medium
2,4936,0,3,3,5,Low
3,5838,0,0,2,3,Low
7,5233,1,4,1,13,High
7,1898,1,4,1,13,High
4,3126,1,3,0,9,High
5,4047,0,0,1,5,Low
5,1695,1,0,1,7,Medium
6,2474,0,3,0,9,High
9,3709,1,1,0,12,High
2,1730,1,4,2,8,Medium
5,5184,1,4,1,11,High
3,1523,0,2,2,5,Low
4,3740,1,3,2,9,High
6,1889,1,2,0,10,High
8,5378,0,2,3,10,High
1,1735,0,0,2,1,Low
8,3095,1,4,3,14,High
7,955,1,2,1,11,High
1,1870,1,0,0,3,Low
2,2758,0,3,1,5,Low
3,3301,0,2,1,5,Low
1,5019,0,4,0,5,Low
9,5863,0,2,1,11,High
8,4630,1,3,0,13,High
2,1654,0,2,3,4,Low
9,1439,0,4,1,13,High
7,3038,0,0,0,7,Medium
9,2402,1,4,2,15,High
6,1241,1,0,1,8,Medium
6,5428,0,1,3,7,Medium
4,2136,0,4,0,8,Medium
2,4500,1,4,1,8,Medium
7,1748,1,3,1,12,High
5,4173,1,2,1,9,High
6,1259,1,0,3,8,Medium
2,5446,1,0,0,4,Low
5,1192,1,3,2,10,High
4,4738,1,3,2,9,High
9,2587,1,2,2,13,High
6,5740,0,2,0,8,Medium
2,3057,0,4,2,6,Medium
1,1938,0,1,3,2,Low
5,4608,0,2,0,7,Medium
9,5541,0,3,1,12,High
6,3254,0,2,3,8,Medium
7,2266,1,0,1,9,High
5,4474,1,1,2,8,Medium
6,2177,0,4,3,10,High
5,3397,0,0,0,5,Low
9,941,1,0,3,11,High
6,3459,1,1,1,9,High
8,5396,1,4,0,14,High
2,1639,0,3,3,5,Low
9,4418,1,4,3,15,High
5,4717,0,2,3,7,Medium
7,1395,0,0,3,7,Medium
1,2704,1,2,0,5,Low
5,1080,1,3,1,10,High
2,1223,0,2,3,4,Low
6,5165,1,4,0,12,High
1,5049,1,2,1,5,Low
3,2550,0,3,3,6,Medium
5,5557,1,3,1,10,High
4,2767,0,3,1,7,Medium
3,4888,0,4,0,7,Medium
5,4978,1,3,1,10,High
8,3746,0,0,0,8,Medium
4,2249,0,3,3,7,Medium
1,3131,1,2,1,5,Low
7,5875,1,2,1,11,High
8,3020,1,2,2,12,High
3,4589,0,4,3,7,Medium
6,3610,0,2,3,8,Medium
2,5528,1,4,2,8,Medium
7,2331,0,4,2,11,High
8,5682,1,3,0,13,High
6,3790,1,0,0,8,Medium
6,5293,0,3,1,9,High
5,1943,1,3,1,10,High
8,1733,0,4,1,12,High
1,2260,0,4,1,5,Low
4,3523,1,2,0,8,Medium
4,3312,0,2,3,6,Medium
3,1085,1,3,1,8,Medium
3,1064,0,1,3,4,Low
4,3167,0,1,1,5,Low
1,4247,0,2,2,3,Low
2,5716,1,1,1,5,Low
9,2562,0,2,1,11,High
2,3848,1,4,1,8,Medium
5,3181,0,3,0,8,Medium
9,3069,0,0,2,9,High
9,840,1,3,1,14,High
8,867,1,2,1,12,High
1,1787,1,2,3,5,Low
1,4808,1,3,2,6,Medium
9,3998,1,2,1,13,High
8,5590,0,1,3,9,High
9,3324,0,1,3,10,High
7,1885,1,2,0,11,High
3,3279,0,2,3,5,Low
3,2493,0,1,1,4,Low
2,3115,0,2,0,4,Low
5,5954,1,2,0,9,High
3,1578,0,3,1,6,Medium
6,5389,0,0,2,6,Medium
2,2385,0,1,3,3,Low
3,2292,1,3,0,8,Medium
5,1460,0,0,2,5,Low
1,2148,0,2,1,3,Low
1,2099,1,2,3,5,Low
9,4740,1,3,3,14,High
7,2786,0,2,0,9,High
1,2844,0,4,3,5,Low
8,4316,1,3,3,13,High
3,1858,1,0,3,5,Low
8,1776,1,3,3,13,High
5,5377,1,1,1,8,Medium
1,1527,1,3,2,6,Medium
7,3327,1,2,1,11,High
5,3936,1,2,1,9,High
6,5927,0,4,0,10,High
6,1142,1,4,3,12,High
8,2247,1,4,1,14,High
9,3179,0,0,3,9,High
2,4459,1,4,1,8,Medium
9,1326,1,0,1,11,High
9,2696,0,4,0,13,High
7,5554,1,0,2,9,High
1,2873,0,3,2,4,Low
7,5715,0,3,1,10,High
5,1205,0,2,0,7,Medium
6,2373,0,0,3,6,Medium
7,5400,1,1,3,10,High
5,4540,0,2,1,7,Medium
7,5074,0,3,2,10,High
9,5027,1,0,0,11,High
3,2646,0,4,2,7,Medium
8,2278,0,1,3,9,High
2,3195,0,3,2,5,Low
7,1571,0,2,3,9,High
2,1378,1,0,0,4,Low
4,3701,0,1,0,5,Low
7,993,1,0,1,9,High
3,2807,1,4,1,9,High
2,1985,0,2,2,4,Low
7,3194,0,0,0,7,Medium
1,3798,0,3,0,4,Low
8,2592,0,2,1,10,High
3,1910,1,3,3,8,Medium
2,4805,1,0,2,4,Low
3,3061,1,2,2,7,Medium
5,4536,0,3,1,8,Medium
8,4593,1,4,0,14,High
7,2736,0,4,1,11,High
7,5675,0,0,1,7,Medium
7,5157,0,2,1,9,High
8,1529,0,1,1,9,High
1,5178,0,2,3,3,Low
4,4251,1,4,3,10,High
6,5257,1,3,0,11,High
9,5336,0,1,1,10,High
2,2940,1,0,3,4,Low
1,2444,0,1,0,2,Low
2,3600,0,0,1,2,Low
7,5762,0,1,2,8,Medium
3,941,1,0,3,5,Low
2,2255,0,0,0,2,Low
7,5596,0,1,2,8,Medium
2,5893,1,1,1,5,Low
3,2896,1,0,1,5,Low
7,2125,1,4,1,13,High
4,5776,0,1,3,5,Low
1,2013,0,2,0,3,Low
5,1959,1,3,2,10,High
9,5450,0,0,0,9,High
8,5299,1,0,3,10,High
9,5787,1,3,0,14,High
9,5497,0,4,3,13,High
7,1140,0,3,1,10,High
4,4628,1,1,2,7,Medium
5,2768,1,3,1,10,High
1,1503,1,0,0,3,Low
1,5213,1,3,1,6,Medium
3,3229,0,2,2,5,Low
8,2600,1,1,1,11,High
2,5712,1,3,2,7,Medium
4,5448,1,0,2,6,Medium
2,1655,0,1,1,3,Low
5,2612,0,0,3,5,Low
9,3666,1,4,0,15,High
1,4442,0,2,3,3,Low
5,982,0,4,3,9,High
9,3912,0,2,1,11,High
1,5292,1,3,0,6,Medium
9,2317,1,1,0,12,High
8,5802,0,3,3,11,High
4,2156,1,2,1,8,Medium
5,2974,1,2,0,9,High
5,4429,0,2,3,7,Medium
6,4428,0,0,0,6,Medium
7,4896,1,1,1,10,High
8,4039,0,3,1,11,High
8,4491,1,3,1,13,High
2,818,1,4,0,8,Medium
9,4203,0,2,2,11,High
7,5479,1,2,0,11,High
4,5351,1,2,2,8,Medium
4,3804,0,3,1,7,Medium
8,1932,0,4,3,12,High
4,4139,0,0,2,4,Low
6,4111,1,1,1,9,High
5,4172,0,0,1,5,Low
3,1787,0,3,2,6,Medium
2,4121,0,2,3,4,Low
9,5415,0,1,1,10,High
9,5754,1,3,2,14,High
1,973,1,3,3,6,Medium
3,4541,0,3,3,6,Medium
8,3852,1,1,1,11,High
6,1526,0,1,0,7,Medium
5,4560,0,4,0,9,High
5,2675,1,4,1,11,High
6,4833,1,0,3,8,Medium
7,1789,0,1,1,8,Medium
1,4544,0,1,2,2,Low
9,3486,1,1,0,12,High
3,1219,0,4,2,7,Medium
4,1393,1,3,1,9,High
1,2574,0,2,1,3,Low
3,3259,0,4,3,7,Medium
2,1735,1,1,3,5,Low
2,4608,1,4,3,8,Medium
1,1131,1,0,2,3,Low
8,4249,1,1,3,11,High
3,3502,1,0,1,5,Low
3,4806,1,1,3,6,Medium
6,5854,1,4,0,12,High
8,4668,0,3,3,11,High
9,5000,0,2,2,11,High
9,1001,0,0,0,9,High
4,3297,1,4,0,10,High
5,2642,1,3,0,10,High
2,2666,1,4,2,8,Medium
9,2796,0,0,1,9,High
8,1709,1,2,3,12,High
3,5105,1,4,0,9,High
9,5458,0,1,0,10,High
3,3989,1,3,0,8,Medium
9,1570,0,4,1,13,High
2,3955,0,3,1,5,Low
9,3301,1,1,2,12,High
8,3514,1,2,1,12,High
9,5524,1,2,3,13,High
5,4385,0,1,2,6,Medium
2,2428,0,3,2,5,Low
8,1186,0,4,3,12,High
6,4221,1,1,3,9,High
8,4808,1,0,3,10,High
5,4893,1,3,2,10,High
2,5163,1,2,2,6,Medium
6,3266,0,1,2,7,Medium
5,3082,0,2,3,7,Medium
5,2656,0,3,3,8,Medium
1,2798,0,2,0,3,Low
2,2036,1,1,1,5,Low
8,5469,1,3,0,13,High
3,4944,1,0,3,5,Low
3,1950,0,1,2,4,Low
8,5118,0,4,3,12,High
8,2231,1,1,1,11,High
2,2619,1,3,0,7,Medium
8,3124,0,1,0,9,High
1,1930,1,0,2,3,Low
6,3458,0,0,0,6,Medium
8,4300,0,4,0,12,High
3,1174,0,2,3,5,Low
8,2920,1,3,0,13,High
1,4820,1,3,0,6,Medium
9,2821,0,2,0,11,High
9,4505,1,0,2,11,High
5,5949,0,0,2,5,Low
4,4059,0,1,3,5,Low
6,4235,0,4,0,10,High
7,2689,0,4,2,11,High
5,2623,1,4,2,11,High
9,2274,0,1,3,10,High
3,3042,0,4,1,7,Medium
7,4043,1,2,0,11,High
5,5960,0,1,2,6,Medium
7,3934,0,2,3,9,High
2,2870,1,1,3,5,Low
4,1159,1,4,3,10,High
2,2841,1,2,2,6,Medium
7,1941,0,2,0,9,High
2,2435,1,2,1,6,Medium
1,4800,1,1,0,4,Low
9,2743,0,3,3,12,High
1,5574,0,4,3,5,Low
8,4161,0,2,1,10,High
2,3780,0,3,0,5,Low
8,806,0,4,3,12,High
3,4067,1,4,3,9,High
6,2391,1,2,0,10,High
3,5728,1,2,3,7,Medium
7,4064,0,1,0,8,Medium
9,3406,0,3,3,12,High
2,4019,0,3,0,5,Low
5,4073,1,2,1,9,High
6,1713,1,4,3,12,High
4,2811,0,2,1,6,Medium
4,2242,1,4,3,10,High
4,3854,0,4,3,8,Medium
2,4346,1,2,2,6,Medium
4,5021,1,0,0,6,Medium
1,5712,1,3,1,6,Medium
6,3728,0,4,1,10,High
1,2629,1,4,1,7,Medium
6,1375,1,0,0,8,Medium
1,1729,0,1,2,2,Low
6,4559,1,0,1,8,Medium
8,4499,0,0,0,8,Medium
2,2263,0,4,3,6,Medium
2,4075,0,3,1,5,Low
4,5728,0,0,1,4,Low
3,1854,0,1,2,4,Low
4,2700,1,2,1,8,Medium
7,2257,0,0,1,7,Medium
1,2199,0,0,3,1,Low
6,4215,0,1,0,7,Medium
3,1242,0,3,0,6,Medium
7,4450,1,0,2,9,High
2,5452,0,0,3,2,Low
2,1978,1,3,0,7,Medium
4,5258,0,1,3,5,Low
1,2057,1,0,0,3,Low
3,4434,0,3,3,6,Medium
9,2641,0,0,2,9,High
7,3109,1,2,1,11,High
7,1710,0,4,2,11,High
4,5140,1,2,0,8,Medium
2,5437,0,0,2,2,Low
4,4809,1,1,1,7,Medium
6,2969,0,4,2,10,High
3,2972,0,2,0,5,Low
1,923,1,3,0,6,Medium
8,3958,0,1,2,9,High
5,1585,0,2,1,7,Medium
5,3216,0,3,2,8,Medium
4,1596,0,0,1,4,Low
6,4972,0,3,3,9,High
3,4954,0,2,1,5,Low
9,2736,1,2,3,13,High
5,2956,1,0,2,7,Medium
3,4607,1,3,1,8,Medium
1,2101,0,3,3,4,Low
6,4963,1,0,3,8,Medium
2,3940,0,3,3,5,Low
3,4036,0,0,0,3,Low
1,3152,0,1,2,2,Low
9,2732,0,2,3,11,High
8,3521,1,1,1,11,High
2,1164,0,4,3,6,Medium
8,5716,1,4,0,14,High
9,3190,0,4,2,13,High
1,1746,1,0,0,3,Low
5,2177,1,3,0,10,High
8,2239,1,1,0,11,High
2,3980,1,1,1,5,Low
4,5657,1,1,2,7,Medium
7,1140,1,1,2,10,High
3,3789,0,4,1,7,Medium
5,1182,1,1,2,8,Medium
8,5899,0,3,0,11,High
3,2356,1,4,2,9,High
4,1099,0,1,1,5,Low
9,938,1,0,0,11,High
7,1158,1,2,1,11,High
1,5731,0,2,3,3,Low
4,2322,1,2,0,8,Medium
4,4256,1,4,0,10,High
9,2427,1,1,2,12,High
6,2103,0,4,0,10,High
9,5804,1,3,1,14,High
6,1934,0,0,2,6,Medium
6,2986,1,0,3,8,Medium
5,5891,1,2,1,9,High
5,3970,0,2,3,7,Medium
2,4635,1,2,3,6,Medium
8,2951,1,1,3,11,High
8,2037,0,3,0,11,High
1,4535,1,3,1,6,Medium
8,3634,0,3,1,11,High
5,5060,0,3,0,8,Medium
2,1798,0,2,2,4,Low
2,3367,1,0,3,4,Low
6,2107,0,2,1,8,Medium
9,1456,0,3,0,12,High
1,3460,1,2,3,5,Low
6,3011,0,3,2,9,High
9,2709,1,4,2,15,High
8,4530,1,0,3,10,High
6,2846,1,4,2,12,High
3,3962,1,1,1,6,Medium
8,1940,0,2,1,10,High
9,1066,0,1,1,10,High
1,2645,0,2,2,3,Low
9,2508,0,4,1,13,High
6,4430,0,3,0,9,High
6,4011,1,3,1,11,High
4,3093,0,2,1,6,Medium
1,4532,0,3,2,4,Low
8,4629,0,4,1,12,High
2,2310,1,3,3,7,Medium
1,1275,1,4,0,7,Medium
2,1776,0,1,2,3,Low
1,2007,1,4,0,7,Medium
1,5939,0,0,3,1,Low
9,2760,0,0,2,9,High
1,1357,1,0,2,3,Low
4,5913,1,2,1,8,Medium
6,1682,0,2,0,8,Medium
7,2994,0,2,3,9,High
2,5561,1,4,3,8,Medium
6,3467,0,2,2,8,Medium
7,5759,1,1,1,10,High
2,5477,0,0,2,2,Low
2,5590,1,4,2,8,Medium
7,2410,0,0,2,7,Medium
1,4288,0,2,2,3,Low
8,3254,1,4,3,14,High
3,5294,0,3,3,6,Medium
6,2746,0,1,2,7,Medium
9,5610,1,2,2,13,High
6,5599,0,2,1,8,Medium
9,3608,0,1,2,10,High
7,4625,0,1,3,8,Medium
9,4336,1,3,0,14,High
2,4602,1,2,3,6,Medium
8,4977,1,2,1,12,High
8,5499,0,0,3,8,Medium
2,2770,0,4,0,6,Medium
4,4622,0,4,2,8,Medium
7,3619,0,0,0,7,Medium
4,1702,1,4,2,10,High
4,1164,0,1,2,5,Low
6,5058,0,4,3,10,High
6,3919,0,4,3,10,High
3,3358,1,0,3,5,Low
9,2663,0,3,1,12,High
2,915,0,4,3,6,Medium
6,3184,0,4,1,10,High
7,5776,0,3,3,10,High
9,4735,0,0,2,9,High
3,5735,1,3,1,8,Medium
3,3290,0,0,0,3,Low
7,5932,0,1,1,8,Medium
4,1742,0,0,1,4,Low
8,2524,0,1,0,9,High
7,3134,0,1,1,8,Medium
5,3567,0,0,2,5,Low
7,1937,0,2,3,9,High
3,3327,0,0,0,3,Low
2,4917,0,4,3,6,Medium
6,4220,0,4,2,10,High
2,5578,1,2,0,6,Medium
